Código,Nome,Enderezo,Concello,Provincia,Cód. postal,Teléfono,Tipo de centro,COORDENADA_X,COORDENADA_Y,TITULARIDADE,ENSINO_CONCERTADO,DEPENDENTE
27000010,CEIP Aquilino Iglesia Alvariño,Praza do Concello s/n,Abadín,Lugo,27730,982870044,CEIP,43.363884,-7.4753647,Pública,Non,Si
27000198,CEIP Plurilingüe de Antas de Ulla,Rúa Miguel Ángel Blanco s/n,Antas de Ulla,Lugo,27570,982829210,CEIP,42.78469,-7.8900986,Pública,Non,Si
27000319,CEIP Plurilingüe Concepción López Rey,"Rúa Doutor Nogueira, s/n (O Cadavo)",Baleira,Lugo,27130,982870067,CEIP,43.013546,-7.2467546,Pública,Non,Si
27000541,CEIP San Miguel de Reinante Barreiros,O Souto s/n,Barreiros,Lugo,27793,982870085,CEIP,43.54314,-7.1920376,Pública,Non,Si
27000617,CFEA Alta Montaña,Paraxe Penamaior s/n,Becerreá,Lugo,27695,982828367,CFEA,42.863113,-7.18648,Pública,Non,Non
27000629,CEIP San Xoán,Rúa Castelo s/n,Becerreá,Lugo,27640,982828162,CEIP,42.859505,-7.1652856,Pública,Non,Si
27000897,CEIP Virxe do Corpiño,Rúa Igrexa,Begonte,Lugo,27373,982870089,CEIP,43.14884,-7.678596,Pública,Non,Si
27001087,CEIP Rosalía de Castro,Casas Novas,Bóveda,Lugo,27340,982870095,CEIP,42.629284,-7.4793634,Pública,Non,Si
27001269,ESMU Municipal de Guitiriz,Rúa Ferrol s/n,Guitiriz,Lugo,27300,982370109,ESMU,43.181458,-7.901848,Pública,Non,Non
27001440,CEIP Xosé Luís Taboada,A Barrela,Carballedo,Lugo,27520,982870140,CEIP,42.536476,-7.8115315,Pública,Non,Si
27001609,CEIP Ramón Falcón,Avenida Alcalde Emilio Sinde Nieto s/n,Castro de Rei,Lugo,27250,982870170,CEIP,43.205887,-7.3952084,Pública,Non,Si
27001816,CEIP Veleiro-Docampo,Avenida da Terra Cha (Castro Ribeiras de Lea),Castro de Rei,Lugo,27260,982828125,CEIP,43.14835,-7.490112,Pública,Non,Si
27002249,CPI Plurilingüe de Castroverde,Rúa dos Nenos s/n,Castroverde,Lugo,27120,982870175,CPI,43.03091,-7.3233757,Pública,Non,Si
27002353,CPI de Cervantes,Rúa dos Colexios s/n,Cervantes,Lugo,27664,982828940,CPI,42.86857,-7.06284,Pública,Non,Si
27002584,CEIP Plurilingüe Virxe do Carme,"Rúa das Escolas, s/n (Os Castros)",Burela,Lugo,27880,982870120,CEIP,43.66657,-7.361934,Pública,Non,Si
27002997,CPI Plurilingüe Virxe do Monte,Feira do Monte,Cospeito,Lugo,27377,982870262,CPI,43.234467,-7.559307,Pública,Non,Si
27003126,CEIP Xoán de Requeixo,Rúa Uxío Novoneyra s/n,Chantada,Lugo,27500,982828138,CEIP,42.61248,-7.7744727,Pública,Non,Si
27003151,IES Lama das Quendas,Rúa Uxío Novoneyra,Chantada,Lugo,27500,982870223,IES,42.61254,-7.7757883,Pública,Non,Si
27003175,IES Val do Asma,Avenida de Monforte s/n,Chantada,Lugo,27500,982870236,IES,42.607967,-7.7576566,Pública,Non,Si
27003655,CPI Poeta Uxío Novoneyra,Seoane,Folgoso do Courel,Lugo,27324,982828168,CPI,42.635918,-7.1543097,Pública,Non,Si
27003850,CEIP Plurilingüe Santa María,Rúa Enrique Saavedra s/n,A Fonsagrada,Lugo,27100,982828173,CEIP,43.1315,-7.0668483,Pública,Non,Si
27004428,CEIP Plurilingüe de Foz nº 1,Rúa Salvador de Madariaga s/n,Foz,Lugo,27780,982870322,CEIP,43.569035,-7.2562175,Pública,Non,Si
27004453,CPR Plurilingüe Martínez Otero,Rúa Alcalde Maañon 12,Foz,Lugo,27780,982140028,CPR,43.566593,-7.2585993,Privada,Si,Non
27004465,CPR Plurilingüe Nuestra Señora del Pilar,Rúa Virgen del Pilar 27,Foz,Lugo,27780,982140196,CPR,43.568848,-7.2600155,Privada,Si,Non
27004519,CEIP Fondo Nois,"Rúa Nois, 2 (Fondo de Nois)",Foz,Lugo,27893,982870331,CEIP,43.619087,-7.3207192,Pública,Non,Si
27004635,CPI Dr. López Suárez,Praza de España s/n,Friol,Lugo,27220,982828180,CPI,43.02973,-7.7901864,Pública,Non,Si
27005020,CEIP Plurilingüe Lagostelle,"Rúa O Ferrol, s/n (Guitiriz)",Guitiriz,Lugo,27300,982870356,CEIP,43.18145,-7.901809,Pública,Non,Si
27005056,CEIP Plurilingüe Santo Estevo de Parga,Rúa CERRADURA s/n,Guitiriz,Lugo,27305,982870352,CEIP,43.16211,-7.8412127,Pública,Non,Si
27005263,CEIP Plurilingüe de Lousada,Lousada,Guntín,Lugo,27185,982870366,CEIP,42.896038,-7.5897994,Pública,Non,Si
27005469,CEIP Ricardo Gasset,"Est. de Foilebar, s/n (A Cruz do Incio)",O Incio,Lugo,27346,982870605,CEIP,42.65747,-7.3593736,Pública,Non,Si
27005691,CEIP Plurilingüe Pedro Caselles Rollán,Rúa Agramonte 23,Xove,Lugo,27870,982870985,CEIP,43.685764,-7.5044456,Pública,Non,Si
27005913,CPI Ramón Piñeiro,"Praza dos Reis, s/n (A Pobra de San Xiao)",Láncara,Lugo,27360,982870370,CPI,42.863792,-7.443657,Pública,Non,Si
27006000,CEIP Juan Rey,Campo do Tremoal s/n,Lourenzá,Lugo,27760,982870383,CEIP,43.468716,-7.296676,Pública,Non,Si
27006048,CEIP Manuel Mallo Mallo,Campo da Feira (Nadela),Lugo,Lugo,27160,982870456,CEIP,42.970898,-7.5036945,Pública,Non,Si
27006164,CEIP Albeiros,Rúa Garaballa de Arriba 9,Lugo,Lugo,27003,982870463,CEIP,43.030296,-7.563497,Pública,Non,Si
27006218,CPR Plurilingüe Cervantes,Camiño DE PIPIN 25,Lugo,Lugo,27004,982218711,CPR,43.022064,-7.565994,Privada,Si,Non
27006231,CPR Plurilingüe Divina Pastora,Praza da Milagrosa 10,Lugo,Lugo,27003,982214957,CPR,43.019318,-7.5649133,Privada,Si,Non
27006243,CPR María Auxiliadora,Avenida RAMÓN FERREIRO 30,Lugo,Lugo,27002,982284369,CPR,43.002914,-7.5525,Privada,Si,Non
27006255,CPR Plurilingüe Divino Maestro,Rúa Portugal 45,Lugo,Lugo,27004,982216844,CPR,43.01495,-7.567338,Privada,Si,Non
27006279,CPR Fingoi,Avenida Aviacion Española 37,Lugo,Lugo,27002,982221630,CPR,42.99823,-7.553964,Privada,Non,Non
27006280,CPR Plurilingüe Padres Franciscanos,Praza Maior 26,Lugo,Lugo,27001,982227107,CPR,43.00942,-7.556314,Privada,Si,Non
27006292,CEIP As Gándaras,Rúa VIRXE DA SOIDADE s/n,Lugo,Lugo,27003,982870504,CEIP,43.02687,-7.55142,Pública,Non,Si
27006322,CPR Plurilingüe La Inmaculada,Rúa Angel Lopez Perez 2,Lugo,Lugo,27002,982280392,CPR,43.008244,-7.555199,Privada,Si,Non
27006334,CEIP das Mercedes,Rúa Camiño de Montiron 28,Lugo,Lugo,27002,982829203,CEIP,43.002575,-7.5484657,Pública,Non,Si
27006358,CPR Plurilingüe La Milagrosa,Praza de Ferrol 21,Lugo,Lugo,27001,982242010,CPR,43.013874,-7.5576763,Privada,Si,Non
27006371,CEIP Anexa,Avenida Ramon Ferreiro 6,Lugo,Lugo,27002,982870440,CEIP,43.00558,-7.555686,Pública,Non,Si
27006383,CEIP A Ponte,Paseo de Alvaro Cunqueiro,Lugo,Lugo,27004,982828569,CEIP,42.999214,-7.5615034,Pública,Non,Si
27006395,CEIP Benigno Quiroga Ballesteros,Rúa Bolaño Rivadeneira s/n,Lugo,Lugo,27001,982828190,CEIP,43.01338,-7.558646,Pública,Non,Si
27006401,CEIP Sagrado Corazón,Rúa Poligono Sagrado Corazon s/n,Lugo,Lugo,27003,982870467,CEIP,43.0169,-7.5499034,Pública,Non,Si
27006425,CPR Seminario Diocesano Sagrado Corazón,Rúa Anxo López Pérez s/n,Lugo,Lugo,27002,982220100,CPR,43.007355,-7.5553093,Privada,Non,Non
27006437,CPR Plurilingüe San José,Rúa Santiago 2,Lugo,Lugo,27004,982221501,CPR,43.008373,-7.5598974,Privada,Si,Non
27006449,CEIP Rosalía de Castro,Rúa Cambria s/n,Lugo,Lugo,27002,982870390,CEIP,43.00411,-7.552286,Pública,Non,Si
27006516,CIFP Politécnico de Lugo,Rúa Armando Duran 3,Lugo,Lugo,27002,982220328,CIFP,43.004875,-7.5583577,Pública,Non,Si
27006528,CIFP As Mercedes,Avenida de Madrid 75,Lugo,Lugo,27002,982828001,CIFP,42.998745,-7.5461054,Pública,Non,Si
27006531,IES Lucus Augusti,Avenida Rodriguez Mourelo s/n,Lugo,Lugo,27002,982828020,IES,43.006607,-7.55677,Pública,Non,Si
27006541,IES Nosa Sra. dos Ollos Grandes,Avenida Ramón Ferreiro s/n,Lugo,Lugo,27002,982870003,IES,43.006317,-7.5562654,Pública,Non,Si
27006553,IES Xoán Montes,Rúa Montevideo,Lugo,Lugo,27001,982870407,IES,43.012047,-7.5619087,Pública,Non,Si
27006589,EASD Ramón Falcón,PASEO dos Estudantes s/n,Lugo,Lugo,27002,982220792,EASD,42.9983,-7.5427527,Pública,Non,Si
27006735,CEIP Plurilingüe Poeta Avelino Díaz,Rúa Federico González López s/nº,Meira,Lugo,27240,982870535,CEIP,43.214363,-7.296145,Pública,Non,Si
27006954,CEIP Álvaro Cunqueiro Mora,Avenida Buenos Aires s/n,Mondoñedo,Lugo,27740,982870553,CEIP,43.431076,-7.3589087,Pública,Non,Si
27006966,IES Plurilingüe San Rosendo,Avenida As San Lucas 33,Mondoñedo,Lugo,27740,982870539,IES,43.428066,-7.368296,Pública,Non,Si
27007132,ESMU Municipal de Chantada,Praza de Galicia 1,Chantada,Lugo,27500,982440011,ESMU,42.60955,-7.7685227,Pública,Non,Non
27007211,CPR Plurilingüe Fundación Educativa Torre de Lemos,Rúa Santo Domingo s/n,Monforte de Lemos,Lugo,27400,982400350,CPR,42.52391,-7.51276,Privada,Si,Non
27007223,CPR Padres Escolapios,Campo de la Compañia 50,Monforte de Lemos,Lugo,27400,982400450,CPR,42.51848,-7.516418,Privada,Si,Non
27007235,CPR Ferroviario,Rúa A Coruña 14,Monforte de Lemos,Lugo,27400,982400780,CPR,42.529087,-7.50665,Privada,Si,Non
27007247,IES Francisco Daviña Rey,Rúa Doutor Casares 63-67,Monforte de Lemos,Lugo,27400,982828200,IES,42.52503,-7.511977,Pública,Non,Si
27007259,IES Río Cabe,Rúa San Pedro s/n,Monforte de Lemos,Lugo,27400,982828034,IES,42.52623,-7.507897,Pública,Non,Si
27007260,CFEA de Monforte de Lemos,Rúa Alfredo Brañas s/n,Monforte de Lemos,Lugo,27400,982889103,CFEA,42.5078,-7.498502,Pública,Non,Non
27007788,CPI Plurilingüe de Navia de Suarna,Rúa Pallarón s/n,Navia de Suarna,Lugo,27650,982870601,CPI,42.966137,-7.0029955,Pública,Non,Si
27007892,CEIP de Negueira de Muñiz,Negueira s/n,Negueira de Muñiz,Lugo,27113,982353337,CEIP,43.13462,-6.8938355,Pública,Non,Si
27007958,CPI Luís Díaz Moreno,Estrada de Aranza s/n,Baralla,Lugo,27680,982870071,CPI,42.892044,-7.2563624,Pública,Non,Si
27008148,CEIP das Nogais,Rúa San Andres s/n,As Nogais,Lugo,27677,982870062,CEIP,42.810356,-7.107368,Pública,Non,Si
27008513,CEIP Laverde Ruíz,Estrada Nacional VI,Outeiro de Rei,Lugo,27150,982828931,CEIP,43.105343,-7.6140146,Pública,Non,Si
27009050,CEIP Plurilingüe Monte Baliño,Estrada de Escairon s/n,Pantón,Lugo,27430,982828215,CEIP,42.510216,-7.634238,Pública,Non,Si
27009347,CEIP Plurilingüe San Miguel,Rúa da Veiga 6,Paradela,Lugo,27611,982870631,CEIP,42.763153,-7.5631394,Pública,Non,Si
27009463,CEIP de Bretoña,A Igrexa,A Pastoriza,Lugo,27746,982870030,CEIP,43.340168,-7.314695,Pública,Non,Si
27009608,CEIP O Salvador,Pastoriza (O Salvador),A Pastoriza,Lugo,27287,982870025,CEIP,43.301712,-7.3491883,Pública,Non,Si
27010064,CEIP Plurilingüe Rosalía de Castro,Avenida Rio Azumara s/n,Pol,Lugo,27270,982870641,CEIP,43.134624,-7.3534017,Pública,Non,Si
27010155,CEIP da Pobra de Brollón,Rúa Outeiro s/n,A Pobra do Brollón,Lugo,27330,982870637,CEIP,42.549625,-7.3942986,Pública,Non,Si
27010325,CEIP Plurilingüe da Pontenova,Rúa Escolas s/n,A Pontenova,Lugo,27720,982828880,CEIP,43.35251,-7.1929016,Pública,Non,Si
27010520,CEIP Plurilingüe Virxe da Luz,Rúa do Miño s/n,Portomarín,Lugo,27170,982870645,CEIP,42.808514,-7.6143193,Pública,Non,Si
27010891,CEIP Gregorio Sanz,Avenida Luarca 1,Ribadeo,Lugo,27700,982870704,CEIP,43.53521,-7.0520535,Pública,Non,Si
27010911,CPR Plurilingüe Sagrado Corazón de Jesús,Rúa Carlos III 4,Ribadeo,Lugo,27700,982128415,CPR,43.538723,-7.044988,Privada,Si,Non
27010921,CFEA Pedro Murias,Vilaframil,Ribadeo,Lugo,27797,982828882,CFEA,43.54665,-7.120557,Pública,Non,Non
27011032,CEIP de San Clodio,"Estrada de San Pedro, s/n (San Clodio)",Ribas de Sil,Lugo,27310,982828219,CEIP,42.46522,-7.285611,Pública,Non,Si
27011287,CEIP Plurilingüe de Riotorto,As Rodrigas,Riotorto,Lugo,27744,982870712,CEIP,43.340855,-7.264028,Pública,Non,Si
27011615,Cen. Pub. Mestre José Rábade Arias,Avenida de Portugal s/n,Rábade,Lugo,27370,982828584,Cen. Pub.,43.127697,-7.643013,Pública,Non,Non
27011639,CEIP Otero Pedrayo,Rúa Rosalia de Castro s/n,Rábade,Lugo,27370,982870661,CEIP,43.12269,-7.631767,Pública,Non,Si
27011718,CPR Belarmino Fernández Iglesias,Lugar Pazo de Ribas 66,Sober,Lugo,27466,982460469,CPR,42.46399,-7.6182218,Privada,Si,Non
27011743,CEIP Antonio Fernández López,Oural,Sarria,Lugo,27392,982870832,CEIP,42.69726,-7.4344826,Pública,Non,Si
27011767,CEMU Profesional  Cantiga,Avenida da Merced 58,Sarria,Lugo,27600,630773232,CEMU,42.778442,-7.4205675,Privada,Non,Non
27011974,CPR Plurilingüe Ntra. Sra. de la Asunción,Rúa DA ASUNCION 34,Sarria,Lugo,27600,982531981,CPR,42.783234,-7.4113297,Privada,Si,Non
27011998,CPR Plurilingüe La Merced,Avenida da Merce 58,Sarria,Lugo,27600,982532357,CPR,42.778553,-7.420923,Privada,Si,Non
27012012,CEIP Frei Luís de Granada,Praza de Galicia,Sarria,Lugo,27600,982870838,CEIP,42.774853,-7.4079046,Pública,Non,Si
27012024,EFOG de Sarria,Praza da Galicia s/n,Sarria,Lugo,27600,-,EFOG,42.77478,-7.4079394,Pública,Non,Non
27012036,IES Gregorio Fernández,Rúa Castelao s/n,Sarria,Lugo,27600,982870790,IES,42.771954,-7.4075036,Pública,Non,Si
27012048,IES Xograr Afonso Gómez de Sarria,"Rúa Ánxel Fole, s/n (Zona escolar)",Sarria,Lugo,27600,982870801,IES,42.773483,-7.407625,Pública,Non,Si
27012450,CPI Dr. López Suárez,"Rúa Rosalia de Castro, s/n (Escairón)",O Saviñao,Lugo,27540,982828224,CPI,42.587162,-7.6379766,Pública,Non,Si
27012474,CEIP Plurilingüe Virxe do Carme,"Camiño do Pazo, s/n (Sober)",Sober,Lugo,27460,982870841,CEIP,42.46168,-7.582296,Pública,Non,Si
27012504,CPI San Tomé do Carballo,Rúa do Conde s/n,Taboada,Lugo,27550,982870851,CPI,42.721172,-7.7606287,Pública,Non,Si
27012607,CEIP Plurilingüe Celso Currás,Rúa Serra da Cadeira s/n,Trabada,Lugo,27765,982870856,CEIP,43.446842,-7.1948543,Pública,Non,Si
27012826,CEIP Plurilingüe Santa María do Valadouro,"Rúa Deputacion, 7 - Ferreira",O Valadouro,Lugo,27770,982828872,CEIP,43.552925,-7.4443426,Pública,Non,Si
27012887,CEIP do Vicedo,Rúa MAXISTERIO,O Vicedo,Lugo,27860,982870610,CEIP,43.733303,-7.6646833,Pública,Non,Si
27013296,CEIP Manuel Mato Vizoso,Rúa Cuart de Poblet s/n,Vilalba,Lugo,27800,982870888,CEIP,43.292603,-7.682005,Pública,Non,Si
27013314,IES Santiago Basanta Silva,Cidade Cultural M. Fraga Iribarne,Vilalba,Lugo,27800,982870872,IES,43.29359,-7.680975,Pública,Non,Si
27013326,IES Lois Peña Novo,Rúa Quart de Poblet s/n,Vilalba,Lugo,27800,982870860,IES,43.29304,-7.6832294,Pública,Non,Si
27013338,CEIP Antonio Insua Bermúdez,Rúa QUART DE POBLET s/n,Vilalba,Lugo,27800,982828151,CEIP,43.292515,-7.6833487,Pública,Non,Si
27013387,CEIP de Celeiro,Rúa San Pantaleón s/n,Viveiro,Lugo,27863,982870953,CEIP,43.677288,-7.586408,Pública,Non,Si
27013624,CPR Plurilingüe Landro,Rúa Nicolas Cora 60,Viveiro,Lugo,27850,982560906,CPR,43.6614,-7.592787,Privada,Si,Non
27013636,IES María Sarmiento,Rúa Misericordia 58,Viveiro,Lugo,27850,982870916,IES,43.6678,-7.6013913,Pública,Non,Si
27013648,IES Vilar Ponte,Rúa Antonio Ledesma 20,Viveiro,Lugo,27850,982870901,IES,43.66725,-7.600479,Pública,Non,Si
27013673,CEIP de Casás,Rúa Orquidea 63,Lugo,Lugo,27004,982870483,CEIP,43.013943,-7.5741677,Pública,Non,Si
27013697,CEIP Plurilingüe Eloísa Rivadulla,Avenida de Monforte s/n,Chantada,Lugo,27500,982828133,CEIP,42.60802,-7.7590985,Pública,Non,Si
27013703,CEIP de Quiroga,Rúa Río Lor,Quiroga,Lugo,27320,982828237,CEIP,42.473938,-7.2675676,Pública,Non,Si
27013855,CPR Radio ECCA,Garaballa de Arriba s/n,Lugo,Lugo,27003,982210602,CPR,43.029934,-7.563572,Privada,Non,Non
27013922,CEIP Plurilingüe do Castro de Ouro,A Seara s/n,Alfoz,Lugo,27776,982870048,CEIP,43.52702,-7.4191833,Pública,Non,Si
27013934,IES Perdouro,Rúa do Instituto s/n,Burela,Lugo,27880,982870102,IES,43.652077,-7.3569345,Pública,Non,Si
27013958,IES Monte Castelo,Rúa do Ril s/n,Burela,Lugo,27880,982828241,IES,43.651363,-7.356709,Pública,Non,Si
27014008,CPI Plurilingüe Tino Grandío,Estrada Guntín s/n,Guntín,Lugo,27211,982870363,CPI,42.88559,-7.696486,Pública,Non,Si
27014033,EEI Fingoi nº 2,Travesa Rua Erin 7,Lugo,Lugo,27002,982870460,EEI,43.000786,-7.549517,Pública,Non,Si
27014057,CEE Santa María,Rúa Da Luz 1,Lugo,Lugo,27002,982829220,CEE,42.995705,-7.5464168,Pública,Non,Si
27014070,CEIP de Palas de Rei,Rúa Ourense s/n,Palas de Rei,Lugo,27200,982870628,CEIP,42.868565,-7.8664703,Pública,Non,Si
27014082,EEI de Sarria,Rúa Marques de Ugena,Sarria,Lugo,27600,982530047,EEI,42.77971,-7.415613,Pública,Non,Si
27014094,EEI de Vilalba,Rúa Quart de Poblet s/n,Vilalba,Lugo,27800,982828155,EEI,43.292816,-7.684293,Pública,Non,Si
27014100,EEI San Roque,Rúa Benito Galceran 26/28,Viveiro,Lugo,27850,982870957,EEI,43.664627,-7.593339,Pública,Non,Si
27014240,CEIP de Samos,Samos (Santa Xertrude),Samos,Lugo,27620,982828259,CEIP,42.736385,-7.325172,Pública,Non,Si
27014586,CEIP de Baamonde,Rúa José Mª Fernández Piñeiro s/n,Begonte,Lugo,27371,982870092,CEIP,43.175476,-7.753801,Pública,Non,Si
27014665,CEIP Luís Pimentel,Rúa Gallego Tato (xornalista) 5,Lugo,Lugo,27003,982212469,CEIP,43.025345,-7.571846,Pública,Non,Si
27014793,CEIP Paradai,Rúa Alexandre Boveda s/n,Lugo,Lugo,27003,982870429,CEIP,43.022526,-7.5593123,Pública,Non,Si
27014811,IES Plurilingüe Fontem Albei,Rúa Marmoiral s/n,A Fonsagrada,Lugo,27100,982828263,IES,43.13231,-7.066269,Pública,Non,Si
27014847,CEIP Plurilingüe do Corgo,Estrada Nacional VI s/n,O Corgo,Lugo,27163,982829215,CEIP,42.936806,-7.4092484,Pública,Non,Si
27014859,CEIP Plurilingüe de Xermade,Avenida das Pontes s/n,Xermade,Lugo,27833,982870970,CEIP,43.35658,-7.8145275,Pública,Non,Si
27014860,CEIP Plurilingüe A Gándara,Avenida Mª PAZ DE TOR s/n,Monforte de Lemos,Lugo,27400,982870563,CEIP,42.531246,-7.5329733,Pública,Non,Si
27015189,IES de Quiroga,Rúa Pereiro s/n,Quiroga,Lugo,27320,982828274,IES,42.47379,-7.2692327,Pública,Non,Si
27015301,CEIP de Cervo,"Lugar PEDROUZO, S/N (CERVO)",Cervo,Lugo,27891,982870207,CEIP,43.671658,-7.413186,Pública,Non,Si
27015311,IES A Pinguela,Estrada de Sober s/n,Monforte de Lemos,Lugo,27400,982828051,IES,42.511955,-7.5258546,Pública,Non,Si
27015360,CEE Infanta Elena,Rúa Camiño Real s/n,Monforte de Lemos,Lugo,27400,982403303,CEE,42.532845,-7.5316644,Pública,Non,Si
27015724,CEIP Monseivane,Lugar Lanzós (San Martiño),Vilalba,Lugo,27816,982870895,CEIP,43.365376,-7.6358414,Pública,Non,Si
27015751,CEIP Plurilingüe Vista Alegre,Rúa Maestro Don Camilo s/n,Burela,Lugo,27880,982870116,CEIP,43.65009,-7.355915,Pública,Non,Si
27015761,IES Ánxel Fole,Rúa Angelo Colocci s/n,Lugo,Lugo,27003,982870991,IES,43.02421,-7.570755,Pública,Non,Si
27015773,IES Muralla Romana,"Rúa Angelo Colocci, s/n",Lugo,Lugo,27003,982828081,IES,43.024055,-7.5712,Pública,Non,Si
27015785,CEIP de Currelos,Vilaesteva (San Salvador),O Saviñao,Lugo,27547,982828284,CEIP,42.677475,-7.6441884,Pública,Non,Si
27015827,CEIP Terra Chá,Román (Santalla),Vilalba,Lugo,27841,982511402,CEIP,43.294823,-7.575312,Pública,Non,Si
27015876,CEIP Antía Cal Vázquez,Rúa Margarida s/n,Muras,Lugo,27836,982870596,CEIP,43.468857,-7.7245445,Pública,Non,Si
27015891,"IES da Terra Chá, José Trapero Pardo","Avenida da Terra Cha, s/n (Castro)",Castro de Rei,Lugo,27260,982870144,IES,43.14706,-7.4906263,Pública,Non,Si
27015955,EOI de Lugo,Ronda Xosé Castiñeiras s/n 1,Lugo,Lugo,27002,982284893,EOI,42.99997,-7.545762,Pública,Non,Si
27015967,CPI Uxío Novoneira,Estrada de Cervantes s/n,Pedrafita do Cebreiro,Lugo,27670,982870633,CPI,42.728626,-7.0230327,Pública,Non,Si
27015979,CEIP Eduardo Cela Vila,Rúa do Castro s/n,Triacastela,Lugo,27630,982828289,CEIP,42.757996,-7.237636,Pública,Non,Si
27016170,CEIP Plurilingüe Santa Rita,Lugar Trabe s/n,Viveiro,Lugo,27867,982870937,CEIP,43.63215,-7.6141853,Pública,Non,Si
27016200,IES Poeta Díaz Castro,"Rúa Xermade, s/n (Guitiriz)",Guitiriz,Lugo,27300,982870342,IES,43.186497,-7.8989043,Pública,Non,Si
27016224,CEIP de San Cosme,Covas 96,Barreiros,Lugo,27790,982870081,CEIP,43.543137,-7.234905,Pública,Non,Si
27016248,IES de Monterroso,Rúa Salvador Arotzarena,Monterroso,Lugo,27560,982870573,IES,42.7973,-7.8341856,Pública,Non,Si
27016251,CMUS Profesional de  Vilalba,Rúa As Pedreiras s/n,Vilalba,Lugo,27800,982512888,CMUS,43.299267,-7.6827908,Pública,Non,Non
27016261,CEMU Profesional  Adagio,Campo da Compañía 50,Monforte de Lemos,Lugo,27400,982400677,CEMU,42.517906,-7.516989,Privada,Non,Non
27016285,CMUS Profesional de Viveiro,Rúa da Marina s/n,Viveiro,Lugo,27850,982560486,CMUS,43.6606,-7.5972285,Pública,Non,Non
27016297,IES Enrique Muruais,Zona escolar s/n,A Pontenova,Lugo,27720,982870033,IES,43.354156,-7.192998,Pública,Non,Si
27016303,IES Pedregal de Irimia,Rúa Federico González López s/n,Meira,Lugo,27240,982870520,IES,43.215107,-7.295834,Pública,Non,Si
27016315,IES de Becerreá,Rúa Castelo s/n,Becerreá,Lugo,27640,982828292,IES,42.858814,-7.166058,Pública,Non,Si
27016352,IES do Camiño,Praza Ulloa s/n,Palas de Rei,Lugo,27200,982870619,IES,42.86912,-7.8673644,Pública,Non,Si
27016388,CEIP de Muimenta,Rúa Valmaior s/n,Cospeito,Lugo,27377,982870273,CEIP,43.251728,-7.4306498,Pública,Non,Si
27016391,CEIP O Cantel,Rúa Pintor Laxeiro s/n,Foz,Lugo,27780,982870314,CEIP,43.57325,-7.258272,Pública,Non,Si
27016406,CEIP Plurilingüe de Covas,Rúa Granxas s/n,Viveiro,Lugo,27868,982870948,CEIP,43.66858,-7.609336,Pública,Non,Si
27016421,EOI de Monforte de Lemos,Rúa Calvo Sotelo 65,Monforte de Lemos,Lugo,27400,982410300,EOI,42.525272,-7.5054965,Pública,Non,Si
27016431,CPR Dobao Imagen,Ronda das Fontiñas 222,Lugo,Lugo,27002,982240314,CPR,43.00507,-7.5473766,Privada,Non,Non
27016455,IES Sanxillao,Avenida DAS FONTIÑAS 171,Lugo,Lugo,27002,982828088,IES,43.004913,-7.546599,Pública,Non,Si
27016467,CEIP Menéndez Pelayo,Rúa Serra de Outes s/n,Lugo,Lugo,27004,982870452,CEIP,43.015476,-7.570494,Pública,Non,Si
27016492,CEIP Plurilingüe do Páramo,Zona O Paramo S/N,O Páramo,Lugo,27363,982828305,CEIP,42.84402,-7.4975185,Pública,Non,Si
27016509,IES Marqués de Sargadelos,Rúa A Veiga (San Cibrao) s/n,Cervo,Lugo,27890,982870193,IES,43.691437,-7.437648,Pública,Non,Si
27016546,ESMU Municipal de Ribadeo,Rúa CLEMENTE MARTINEZ PASARON 10,Ribadeo,Lugo,27700,982130856,ESMU,43.53468,-7.0403666,Pública,Non,Non
27016558,CMUS Profesional Xoán Montes,Rúa Castiñeira 5,Lugo,Lugo,27002,982250563,CMUS,42.99942,-7.546835,Pública,Non,Si
27016561,EMUSPR de Antas de Ulla,Rúa Miguel Angel Blanco 16,Antas de Ulla,Lugo,27570,982379057,EMUSPR,42.784237,-7.889793,Privada,Non,Non
27016571,ESMU Municipal de Foz,Rúa Alfonso X O Sabio s/n,Foz,Lugo,27780,982132689,ESMU,43.569313,-7.2558017,Pública,Non,Non
27016595,ESMU Municipal de Monforte de Lemos,Praza de España 3,Monforte de Lemos,Lugo,27400,982402498,ESMU,42.528152,-7.5118093,Pública,Non,Non
27016601,ESMU Municipal O Barrido,Avenida do Generalisimo s/n,Paradela,Lugo,27611,982541101,ESMU,42.76681,-7.567829,Pública,Non,Non
27016613,IES Río Miño,Rúa Rosalia de Castro s/n,Rábade,Lugo,27370,982870652,IES,43.122746,-7.630608,Pública,Non,Si
27016625,IES Illa de Sarón,Rúa Agramonte,Xove,Lugo,27870,982870973,IES,43.686398,-7.503292,Pública,Non,Si
27016637,ESMU Municipal de Sober,Praza do Concello s/n - Casa da Cultura,Sober,Lugo,27460,982460513,ESMU,42.462257,-7.586628,Pública,Non,Non
27016649,IES Alfoz - Valadouro,Estr. Mondoñedo-Ferreira do Valadouro,Alfoz,Lugo,27774,982870051,IES,43.54345,-7.422407,Pública,Non,Si
27016662,CEIP Plurilingüe de Monforte de Lemos,Rúa Emilia Casas Baamonde s/n,Monforte de Lemos,Lugo,27400,982828310,CEIP,42.52821,-7.511572,Pública,Non,Si
27016674,CEP Luís Tobío,Avenida Martin Ledesma s/n,Viveiro,Lugo,27850,982870942,CEP,43.66426,-7.6001573,Pública,Non,Si
27016704,IES Leiras Pulpeiro,Rúa Orquídea 45,Lugo,Lugo,27004,982870419,IES,43.012924,-7.5740433,Pública,Non,Si
27016716,IES Fonmiñá,Avenida Doutor Cabaneiro s/n,A Pastoriza,Lugo,27287,982870015,IES,43.298943,-7.339291,Pública,Non,Si
27016728,CEIP Illa Verde,Rúa Roi Xordo 2,Lugo,Lugo,27002,982828143,CEIP,43.00032,-7.5509763,Pública,Non,Si
27016731,ESMU Municipal de Burela,Rúa DO CANCELO 33,Burela,Lugo,27880,982580720,ESMU,43.658985,-7.3631897,Pública,Non,Non
27020513,CMUS Profesional Mestre Ibáñez,Monforte de Lemos,Monforte de Lemos,Lugo,27400,982403893,CMUS,42.528152,-7.511775,Pública,Non,Non
27020525,ESMU Municipal de Sarria,"Rúa  Marqués de Ugena, s/n - Casa da cultura 00",Sarria,Lugo,27600,,ESMU,42.779957,-7.416459,Pública,Non,Non
27020549,ESMU Municipal de Ribas de Sil,"Rúa  Colexios, s/n 00",Ribas de Sil,Lugo,27310,982428237,ESMU,42.46697,-7.287137,Pública,Non,Non
27020550,ESMU Municipal O Pallarego,"Praza DO CONCELLO, CASA DO CONCELLO",Mondoñedo,Lugo,27740,982521901,ESMU,43.429638,-7.3640475,Pública,Non,Non
27020562,IES de Foz,Rúa Castelao s/n,Foz,Lugo,27780,982870287,IES,43.565117,-7.2677455,Pública,Non,Si
27020586,CPR Galén,Calzada XIÁN 8,Lugo,Lugo,27296,982265205,CPR,43.0209,-7.5854697,Privada,Non,Non
27020598,CEMU Profesional Fingoi,"Avenida  Aviación Española, 37 00",Lugo,Lugo,27003,982221630,CEMU,42.998226,-7.553927,Privada,Non,Non
27020604,EMUSPR Cantarela,Rúa Xian s/n,Lugo,Lugo,27003,982652061,EMUSPR,43.020794,-7.5856304,Privada,Non,Non
27020616,CPR Attelier,"Rúa  Concepción Arenal, 18 - baixo",Lugo,Lugo,27004,982227854,CPR,43.01536,-7.5602546,Privada,Non,Non
27020628,EOI de Viveiro Luz Pozo Garza,"Rúa  Lavandeira, s/n - 1º",Viveiro,Lugo,27863,982551745,EOI,43.676285,-7.5899863,Pública,Non,Si
27020677,CPR Dioptra,"Praza Conde Fontao, 4 - baixo",Lugo,Lugo,27003,982284361,CPR,43.01496,-7.552564,Privada,Non,Non
27020689,ESMU Municipal  da Pastoriza,Pastoriza (O Salvador),A Pastoriza,Lugo,27287,982332200,ESMU,43.301556,-7.349317,Pública,Non,Non
27020690,EOI de Ribadeo,Casa Casa do Óptico,Ribadeo,Lugo,27700,982129657,EOI,43.538235,-7.0501757,Pública,Non,Si
27020707,CDAN Conservatorio Profesional de Danza,Rúa Músico Xosé Castiñeira 3,Lugo,Lugo,27002,982284704,CDAN,42.999752,-7.5462556,Pública,Non,Si
27020744,CEMU Galén,Rúa XIAN 8,Lugo,Lugo,27003,,CEMU,43.021027,-7.5856304,Privada,Non,Non
27020756,CPR TIC,Rúa Frei Plácido Rey Lemos s/n,Lugo,Lugo,27004,982284667,CPR,43.007046,-7.560659,Privada,Non,Non
27020771,ESMU Municipal de Meira,Rúa AGRA s/n,Meira,Lugo,27240,,ESMU,43.214527,-7.2958875,Pública,Non,Non
27020781,ESMU Municipal de Taboada,Avenida DE LUGO 59,Taboada,Lugo,27550,,ESMU,42.71725,-7.7629247,Pública,Non,Non
27020793,CIFP Porta da Auga,Avenida LUARCA,Ribadeo,Lugo,27700,982128894,CIFP,43.53567,-7.0511627,Pública,Non,Si
27020801,CEIP Plurilingüe de Monterroso,Barrio dos Piñeiros 9,Monterroso,Lugo,27560,982377180,CEIP,42.799545,-7.8312645,Pública,Non,Si
27020811,EPAPU de Bonxe,Lugar de Bonxe,Outeiro de Rei,Lugo,27153,982393218,EPAPU,43.103535,-7.5815964,Pública,Non,Si
27020823,EPAPU de Monterroso,Estrada de Vegadeo-Pontevedra,Monterroso,Lugo,27568,982377043,EPAPU,42.81028,-7.7713466,Pública,Non,Si
27020835,ESMU de Pontenova,Rúa Estación,A Pontenova,Lugo,27720,-,ESMU,43.348232,-7.191303,Pública,Non,Non
27020847,ESMU Municipal de Pobra de Brollón,Avenida OUTEIRO s/n,A Pobra do Brollón,Lugo,27330,980430061,ESMU,42.54967,-7.3944387,Pública,Non,Non
27020859,CEIP Península da Paz,Estrada Río Covo s/n,Cervo,Lugo,27890,982594406,CEIP,43.68966,-7.441703,Pública,Non,Si
27020860,CPR Waldorf Meniñeiros,Rúa Donas,Friol,Lugo,27299,696495725,CPR,43.01882,-7.7136683,Privada,Non,Non
27020872,ESMU Municipal de Xove,Camiño Real,Xove,Lugo,27870,,ESMU,43.685936,-7.509091,Pública,Non,Non
27020884,EMUSPR Fábrica de Sons,Rúa Paxariños 45 Baixo,Lugo,Lugo,27002,,EMUSPR,43.010033,-7.550217,Privada,Non,Non
27020896,ESMU Municipal de Rábade,Rúa Alcalde José Penas s/n,Rábade,Lugo,27370,,ESMU,43.12072,-7.622355,Pública,Non,Non
27020902,IES de Ribadeo Dionisio Gamallo,Rúa Xardín s/n,Ribadeo,Lugo,27700,982870666,IES,43.537457,-7.051281,Pública,Non,Si
27020914,CPR Paso a Paso Formación,Rúa Vila Verde 25 Baixo,Lugo,Lugo,27002,982062062,CPR,43.003788,-7.5475,Privada,Non,Non
27020926,CAD Tándem,Avenida Cervantes s/n,Viveiro,Lugo,27850,,CAD,43.66305,-7.594472,Privada,Non,Non
27020938,ESMU Municipal de Lugo,Rúa Quiroga Ballesteros s/n 1º andar,Lugo,Lugo,27001,,ESMU,43.012314,-7.558372,Pública,Non,Non
27020941,ESMU Municipal de Monterroso,Rúa Poeta Lorenzo Varela s/n,Monterroso,Lugo,27560,,ESMU,42.79437,-7.8337917,Pública,Non,Non
27020951,ESMU Municipal de Begonte,Avenida de Galicia 104,Begonte,Lugo,27373,,ESMU,43.152317,-7.6881156,Pública,Non,Non
27020963,ESMU Municipal de Outeiro de Rei,Lugar Penelas 16,Outeiro de Rei,Lugo,27154,,ESMU,43.09033,-7.6011906,Pública,Non,Non
27601509,EPAPU Albeiros,Parque da Milagrosa s/n,Lugo,Lugo,27003,982828106,EPAPU,43.022408,-7.562322,Pública,Non,Si
